timestamp, clocks.current.sm [MHz], power.draw [W], temperature.gpu, utilization.gpu [%], memory.used [MiB]
2026/10/06 14:05:48.434, 300 MHz, 16.68 W, 36, 0 %, 16 MiB
2026/10/06 14:05:53.447, 3022 MHz, 87.31 W, 40, 25 %, 526 MiB
2026/10/06 14:05:58.448, 2640 MHz, 87.35 W, 39, 0 %, 526 MiB
2026/10/06 14:06:03.448, 2640 MHz, 79.83 W, 38, 0 %, 526 MiB
2026/10/06 14:06:08.448, 2640 MHz, 77.90 W, 38, 0 %, 526 MiB
2026/10/06 14:06:13.449, 3022 MHz, 102.06 W, 39, 0 %, 50 MiB
2026/10/06 14:06:18.449, 2640 MHz, 84.14 W, 39, 0 %, 52 MiB
2026/10/06 14:06:23.450, 2640 MHz, 83.03 W, 39, 0 %, 16 MiB
2026/10/06 14:06:28.451, 2640 MHz, 82.45 W, 39, 0 %, 16 MiB
2026/10/06 14:06:33.451, 2640 MHz, 98.01 W, 39, 0 %, 16 MiB
2026/10/06 14:06:38.451, 2640 MHz, 90.41 W, 39, 0 %, 16 MiB
2026/10/06 14:06:43.452, 2640 MHz, 89.76 W, 40, 0 %, 16 MiB
2026/10/06 14:06:48.452, 2640 MHz, 88.52 W, 40, 0 %, 16 MiB
2026/10/06 14:06:53.453, 2640 MHz, 101.46 W, 40, 0 %, 16 MiB
2026/10/06 14:06:58.453, 2640 MHz, 94.32 W, 40, 0 %, 16 MiB
2026/10/06 14:07:03.453, 2730 MHz, 89.97 W, 41, 0 %, 16 MiB
2026/10/06 14:07:08.454, 2790 MHz, 95.55 W, 41, 0 %, 16 MiB
2026/10/06 14:07:13.454, 3015 MHz, 144.48 W, 43, 36 %, 524 MiB
2026/10/06 14:07:18.454, 3007 MHz, 155.69 W, 44, 46 %, 524 MiB
2026/10/06 14:07:23.455, 3022 MHz, 145.83 W, 42, 0 %, 16 MiB
2026/10/06 14:07:28.455, 3007 MHz, 172.06 W, 42, 0 %, 16 MiB
2026/10/06 14:07:33.455, 3015 MHz, 161.23 W, 50, 78 %, 570 MiB
2026/10/06 14:07:38.456, 3022 MHz, 142.35 W, 42, 0 %, 18 MiB
2026/10/06 14:07:43.457, 3022 MHz, 159.60 W, 42, 0 %, 16 MiB
2026/10/06 14:07:48.457, 3000 MHz, 194.50 W, 43, 0 %, 16 MiB
2026/10/06 14:07:53.458, 3022 MHz, 144.86 W, 51, 69 %, 570 MiB
2026/10/06 14:07:58.458, 3022 MHz, 176.79 W, 42, 0 %, 16 MiB
2026/10/06 14:08:03.464, 3022 MHz, 221.03 W, 42, 0 %, 16 MiB
2026/10/06 14:08:08.465, 3000 MHz, 213.59 W, 43, 0 %, 16 MiB
2026/10/06 14:08:13.465, 3007 MHz, 176.31 W, 51, 69 %, 570 MiB
2026/10/06 14:08:18.465, 3022 MHz, 175.28 W, 42, 0 %, 35 MiB
2026/10/06 14:08:23.466, 3022 MHz, 232.08 W, 42, 0 %, 16 MiB
2026/10/06 14:08:28.466, 3007 MHz, 204.34 W, 42, 0 %, 16 MiB
2026/10/06 14:08:33.467, 3000 MHz, 203.02 W, 50, 68 %, 567 MiB
2026/10/06 14:08:38.467, 3022 MHz, 161.38 W, 42, 0 %, 570 MiB
2026/10/06 14:08:43.468, 2992 MHz, 253.46 W, 43, 1 %, 16 MiB
2026/10/06 14:08:48.468, 3000 MHz, 397.07 W, 49, 62 %, 554 MiB
2026/10/06 14:08:53.468, 3000 MHz, 440.28 W, 50, 62 %, 554 MiB
2026/10/06 14:08:58.469, 3015 MHz, 84.75 W, 44, 0 %, 714 MiB
2026/10/06 14:09:03.469, 3015 MHz, 92.91 W, 44, 0 %, 714 MiB
2026/10/06 14:09:08.469, 3015 MHz, 83.89 W, 47, 7 %, 16 MiB
2026/10/06 14:09:13.470, 2925 MHz, 245.80 W, 51, 94 %, 16 MiB
2026/10/06 14:09:18.470, 2917 MHz, 217.27 W, 44, 0 %, 16 MiB
2026/10/06 14:09:23.475, 3015 MHz, 217.20 W, 43, 0 %, 54 MiB
2026/10/06 14:09:28.475, 3022 MHz, 150.92 W, 43, 0 %, 714 MiB
2026/10/06 14:09:33.476, 3015 MHz, 84.18 W, 43, 0 %, 16 MiB
2026/10/06 14:09:38.476, 2977 MHz, 198.96 W, 50, 94 %, 16 MiB
2026/10/06 14:09:43.477, 2872 MHz, 226.32 W, 44, 0 %, 16 MiB
2026/10/06 14:09:48.477, 3015 MHz, 216.02 W, 43, 0 %, 35 MiB
2026/10/06 14:09:53.479, 2640 MHz, 87.95 W, 42, 0 %, 714 MiB
2026/10/06 14:09:58.480, 3022 MHz, 85.47 W, 43, 0 %, 16 MiB
2026/10/06 14:10:03.480, 3015 MHz, 184.90 W, 49, 95 %, 16 MiB
2026/10/06 14:10:08.480, 2992 MHz, 219.80 W, 44, 0 %, 16 MiB
2026/10/06 14:10:13.481, 3015 MHz, 220.22 W, 43, 0 %, 18 MiB
2026/10/06 14:10:18.481, 3022 MHz, 170.47 W, 43, 0 %, 714 MiB
2026/10/06 14:10:23.482, 3022 MHz, 83.07 W, 43, 0 %, 714 MiB
2026/10/06 14:10:28.482, 3022 MHz, 128.84 W, 47, 96 %, 16 MiB
2026/10/06 14:10:33.482, 2910 MHz, 253.75 W, 49, 100 %, 16 MiB
2026/10/06 14:10:38.483, 3022 MHz, 82.16 W, 43, 0 %, 18 MiB
2026/10/06 14:10:43.483, 2835 MHz, 399.66 W, 49, 94 %, 650 MiB
2026/10/06 14:10:48.483, 2910 MHz, 396.04 W, 50, 96 %, 650 MiB
2026/10/06 14:10:53.484, 2895 MHz, 434.98 W, 52, 95 %, 650 MiB
2026/10/06 14:10:58.484, 3007 MHz, 295.73 W, 46, 0 %, 16 MiB
2026/10/06 14:11:03.485, 3000 MHz, 226.62 W, 51, 100 %, 16 MiB
2026/10/06 14:11:08.485, 3015 MHz, 85.54 W, 45, 26 %, 1290 MiB
2026/10/06 14:11:13.485, 3015 MHz, 84.66 W, 45, 26 %, 1290 MiB
2026/10/06 14:11:18.486, 3015 MHz, 85.23 W, 45, 16 %, 1290 MiB
2026/10/06 14:11:23.486, 3015 MHz, 85.40 W, 45, 0 %, 1290 MiB
2026/10/06 14:11:28.487, 3015 MHz, 103.60 W, 48, 60 %, 1289 MiB
2026/10/06 14:11:33.487, 2752 MHz, 149.93 W, 49, 99 %, 16 MiB
2026/10/06 14:11:38.488, 2895 MHz, 229.42 W, 51, 100 %, 16 MiB
2026/10/06 14:11:43.488, 2865 MHz, 203.73 W, 50, 99 %, 16 MiB
2026/10/06 14:11:48.488, 2790 MHz, 180.67 W, 50, 99 %, 16 MiB
2026/10/06 14:11:53.489, 2790 MHz, 203.73 W, 49, 99 %, 16 MiB
2026/10/06 14:11:58.489, 2692 MHz, 192.52 W, 49, 99 %, 16 MiB
2026/10/06 14:12:03.490, 2730 MHz, 228.55 W, 49, 100 %, 16 MiB
2026/10/06 14:12:08.490, 2722 MHz, 248.95 W, 47, 27 %, 16 MiB
2026/10/06 14:12:13.490, 2790 MHz, 271.25 W, 45, 0 %, 16 MiB
2026/10/06 14:12:18.491, 1245 MHz, 250.25 W, 44, 0 %, 16 MiB
2026/10/06 14:12:23.491, 1050 MHz, 237.59 W, 43, 0 %, 16 MiB
2026/10/06 14:12:28.492, 1200 MHz, 226.49 W, 44, 0 %, 16 MiB
2026/10/06 14:12:33.492, 1545 MHz, 226.37 W, 43, 0 %, 16 MiB
2026/10/06 14:12:38.492, 2865 MHz, 271.67 W, 43, 0 %, 16 MiB
2026/10/06 14:12:43.497, 3015 MHz, 242.85 W, 43, 0 %, 18 MiB
2026/10/06 14:12:48.497, 3015 MHz, 219.69 W, 43, 0 %, 18 MiB
2026/10/06 14:12:53.498, 3015 MHz, 204.14 W, 43, 0 %, 18 MiB
2026/10/06 14:12:58.498, 2640 MHz, 148.97 W, 42, 0 %, 18 MiB
2026/10/06 14:13:03.499, 2640 MHz, 150.82 W, 42, 0 %, 18 MiB
2026/10/06 14:13:08.499, 2640 MHz, 181.37 W, 42, 0 %, 18 MiB
2026/10/06 14:13:13.500, 2640 MHz, 144.04 W, 42, 0 %, 18 MiB
2026/10/06 14:13:18.500, 3015 MHz, 166.85 W, 43, 0 %, 18 MiB
2026/10/06 14:13:23.501, 3022 MHz, 149.69 W, 42, 0 %, 18 MiB
2026/10/06 14:13:28.501, 3015 MHz, 305.46 W, 43, 0 %, 18 MiB
2026/10/06 14:13:33.502, 2655 MHz, 284.29 W, 49, 100 %, 1287 MiB
2026/10/06 14:13:38.502, 2250 MHz, 360.45 W, 48, 100 %, 1034 MiB
2026/10/06 14:13:43.502, 2820 MHz, 366.84 W, 48, 100 %, 1034 MiB
2026/10/06 14:13:48.503, 2820 MHz, 419.22 W, 50, 100 %, 1034 MiB
2026/10/06 14:13:53.503, 2910 MHz, 384.81 W, 50, 99 %, 1034 MiB
2026/10/06 14:13:58.503, 2865 MHz, 358.69 W, 50, 100 %, 1034 MiB
2026/10/06 14:14:03.503, 2850 MHz, 426.54 W, 54, 100 %, 1034 MiB
2026/10/06 14:14:08.504, 2932 MHz, 428.33 W, 50, 16 %, 1034 MiB
2026/10/06 14:14:13.504, 2767 MHz, 415.37 W, 54, 99 %, 1290 MiB
2026/10/06 14:14:18.505, 315 MHz, 36.53 W, 46, 0 %, 3594 MiB
2026/10/06 14:14:23.505, 3015 MHz, 85.67 W, 48, 0 %, 18 MiB
2026/10/06 14:14:28.506, 3000 MHz, 393.05 W, 53, 100 %, 3594 MiB
2026/10/06 14:14:33.506, 1072 MHz, 28.02 W, 45, 0 %, 3594 MiB
2026/10/06 14:14:38.506, 3015 MHz, 85.95 W, 47, 0 %, 18 MiB
2026/10/06 14:14:43.507, 2985 MHz, 439.67 W, 54, 100 %, 3594 MiB
2026/10/06 14:14:48.508, 2175 MHz, 42.08 W, 46, 74 %, 3594 MiB
2026/10/06 14:14:53.508, 600 MHz, 39.11 W, 45, 0 %, 18 MiB
2026/10/06 14:14:58.508, 3015 MHz, 85.14 W, 46, 0 %, 18 MiB
2026/10/06 14:15:03.509, 3015 MHz, 323.39 W, 47, 0 %, 16 MiB
2026/10/06 14:15:08.515, 2977 MHz, 341.09 W, 54, 100 %, 3594 MiB
2026/10/06 14:15:13.516, 2115 MHz, 40.72 W, 45, 76 %, 3594 MiB
2026/10/06 14:15:18.516, 555 MHz, 55.06 W, 44, 0 %, 18 MiB
2026/10/06 14:15:23.517, 3015 MHz, 85.43 W, 44, 0 %, 18 MiB
2026/10/06 14:15:28.517, 3015 MHz, 84.18 W, 45, 0 %, 18 MiB
2026/10/06 14:15:33.518, 2137 MHz, 302.44 W, 45, 6 %, 16 MiB
2026/10/06 14:15:38.518, 2715 MHz, 191.88 W, 50, 100 %, 3594 MiB
2026/10/06 14:15:43.518, 2565 MHz, 40.59 W, 44, 59 %, 3594 MiB
2026/10/06 14:15:48.519, 495 MHz, 40.86 W, 43, 0 %, 18 MiB
2026/10/06 14:15:53.519, 690 MHz, 59.55 W, 43, 0 %, 18 MiB
2026/10/06 14:15:58.520, 3015 MHz, 83.83 W, 44, 0 %, 18 MiB
2026/10/06 14:16:03.520, 2962 MHz, 431.53 W, 45, 6 %, 16 MiB
2026/10/06 14:16:08.520, 2865 MHz, 237.87 W, 51, 100 %, 3594 MiB
2026/10/06 14:16:13.521, 367 MHz, 22.53 W, 42, 0 %, 3594 MiB
2026/10/06 14:16:18.521, 2242 MHz, 79.69 W, 43, 0 %, 18 MiB
2026/10/06 14:16:23.522, 3015 MHz, 84.29 W, 44, 0 %, 18 MiB
2026/10/06 14:16:28.522, 2430 MHz, 291.20 W, 44, 6 %, 16 MiB
2026/10/06 14:16:33.523, 2572 MHz, 203.22 W, 50, 100 %, 3594 MiB
2026/10/06 14:16:38.523, 2025 MHz, 37.93 W, 42, 74 %, 3594 MiB
2026/10/06 14:16:43.523, 352 MHz, 36.19 W, 41, 0 %, 18 MiB
2026/10/06 14:16:48.524, 2385 MHz, 61.92 W, 42, 0 %, 18 MiB
2026/10/06 14:16:53.524, 3022 MHz, 107.59 W, 43, 0 %, 18 MiB
2026/10/06 14:16:58.525, 2707 MHz, 456.02 W, 46, 43 %, 16 MiB
2026/10/06 14:17:03.525, 2715 MHz, 166.06 W, 47, 100 %, 3594 MiB
2026/10/06 14:17:08.525, 952 MHz, 39.53 W, 41, 67 %, 3594 MiB
2026/10/06 14:17:13.526, 352 MHz, 35.01 W, 41, 0 %, 18 MiB
2026/10/06 14:17:18.526, 2745 MHz, 79.52 W, 42, 0 %, 18 MiB
2026/10/06 14:17:23.527, 3022 MHz, 84.25 W, 42, 0 %, 18 MiB
2026/10/06 14:17:28.527, 3022 MHz, 340.41 W, 43, 0 %, 16 MiB
2026/10/06 14:17:33.528, 2752 MHz, 306.42 W, 48, 100 %, 3594 MiB
2026/10/06 14:17:38.528, 2647 MHz, 36.41 W, 41, 0 %, 3594 MiB
2026/10/06 14:17:43.528, 397 MHz, 38.02 W, 40, 0 %, 18 MiB
2026/10/06 14:17:48.529, 3022 MHz, 76.94 W, 41, 0 %, 18 MiB
2026/10/06 14:17:53.529, 2640 MHz, 127.31 W, 41, 0 %, 18 MiB
2026/10/06 14:17:58.530, 1252 MHz, 353.73 W, 46, 100 %, 3594 MiB
2026/10/06 14:18:03.530, 2760 MHz, 49.97 W, 40, 0 %, 3594 MiB
2026/10/06 14:18:08.531, 495 MHz, 38.68 W, 40, 0 %, 18 MiB
2026/10/06 14:18:13.531, 3022 MHz, 82.11 W, 41, 0 %, 18 MiB
2026/10/06 14:18:18.532, 2640 MHz, 65.04 W, 41, 0 %, 18 MiB
2026/10/06 14:18:23.532, 1335 MHz, 367.13 W, 45, 70 %, 16 MiB
2026/10/06 14:18:28.533, 2707 MHz, 156.94 W, 46, 100 %, 3594 MiB
2026/10/06 14:18:33.533, 397 MHz, 26.48 W, 40, 26 %, 3594 MiB
2026/10/06 14:18:38.533, 397 MHz, 35.28 W, 39, 0 %, 18 MiB
2026/10/06 14:18:43.534, 3022 MHz, 82.84 W, 40, 0 %, 18 MiB
2026/10/06 14:18:48.534, 3022 MHz, 83.24 W, 41, 0 %, 18 MiB
2026/10/06 14:18:53.535, 2992 MHz, 397.37 W, 43, 6 %, 16 MiB
2026/10/06 14:18:58.535, 3000 MHz, 201.24 W, 46, 100 %, 3594 MiB
2026/10/06 14:19:03.535, 450 MHz, 32.97 W, 39, 0 %, 3594 MiB
2026/10/06 14:19:08.536, 427 MHz, 34.84 W, 39, 0 %, 18 MiB
2026/10/06 14:19:13.536, 2730 MHz, 77.66 W, 40, 0 %, 18 MiB
2026/10/06 14:19:18.537, 2902 MHz, 174.86 W, 41, 0 %, 18 MiB
2026/10/06 14:19:23.537, 2895 MHz, 441.83 W, 48, 100 %, 3594 MiB
2026/10/06 14:19:28.537, 2992 MHz, 41.12 W, 40, 0 %, 3594 MiB
2026/10/06 14:19:33.538, 405 MHz, 39.66 W, 39, 0 %, 18 MiB
2026/10/06 14:19:38.538, 2392 MHz, 61.18 W, 39, 0 %, 18 MiB
2026/10/06 14:19:43.539, 2640 MHz, 145.78 W, 40, 0 %, 18 MiB
2026/10/06 14:19:48.539, 2895 MHz, 439.25 W, 48, 100 %, 16 MiB
2026/10/06 14:19:53.545, 2940 MHz, 50.13 W, 40, 0 %, 3594 MiB
2026/10/06 14:19:58.546, 322 MHz, 32.88 W, 39, 0 %, 18 MiB
2026/10/06 14:20:03.546, 3022 MHz, 81.46 W, 40, 0 %, 18 MiB
2026/10/06 14:20:08.547, 3022 MHz, 83.45 W, 40, 0 %, 18 MiB
2026/10/06 14:20:13.547, 3000 MHz, 375.13 W, 43, 5 %, 16 MiB
2026/10/06 14:20:18.547, 2827 MHz, 191.02 W, 46, 100 %, 3594 MiB
2026/10/06 14:20:23.548, 1192 MHz, 38.64 W, 39, 75 %, 3594 MiB
2026/10/06 14:20:28.548, 585 MHz, 38.95 W, 39, 0 %, 18 MiB
2026/10/06 14:20:33.549, 3022 MHz, 318.78 W, 42, 0 %, 16 MiB
2026/10/06 14:20:38.549, 2527 MHz, 291.97 W, 46, 100 %, 3594 MiB
2026/10/06 14:20:43.549, 3022 MHz, 84.48 W, 41, 0 %, 18 MiB
2026/10/06 14:20:48.550, 2745 MHz, 468.03 W, 49, 100 %, 16 MiB
2026/10/06 14:20:53.550, 300 MHz, 33.13 W, 40, 0 %, 36 MiB
2026/10/06 14:20:58.551, 2970 MHz, 214.83 W, 46, 100 %, 2570 MiB
2026/10/06 14:21:03.551, 2655 MHz, 283.58 W, 48, 100 %, 2570 MiB
2026/10/06 14:21:08.551, 2752 MHz, 412.11 W, 48, 100 %, 2570 MiB
2026/10/06 14:21:13.552, 2797 MHz, 402.09 W, 47, 65 %, 2570 MiB
2026/10/06 14:21:18.552, 2745 MHz, 326.48 W, 50, 100 %, 2570 MiB
2026/10/06 14:21:23.552, 2797 MHz, 427.70 W, 51, 100 %, 2570 MiB
2026/10/06 14:21:28.553, 2820 MHz, 386.92 W, 48, 35 %, 2570 MiB
2026/10/06 14:21:33.553, 2827 MHz, 321.64 W, 52, 100 %, 2570 MiB
2026/10/06 14:21:38.554, 2842 MHz, 409.56 W, 52, 100 %, 2570 MiB
2026/10/06 14:21:43.554, 2910 MHz, 351.61 W, 49, 0 %, 2570 MiB
2026/10/06 14:21:48.554, 2835 MHz, 340.31 W, 53, 100 %, 2570 MiB
2026/10/06 14:21:53.555, 2865 MHz, 407.97 W, 54, 100 %, 2570 MiB
2026/10/06 14:21:58.555, 2947 MHz, 332.78 W, 50, 0 %, 2570 MiB
2026/10/06 14:22:03.555, 2865 MHz, 367.60 W, 54, 100 %, 2570 MiB
2026/10/06 14:22:08.556, 2850 MHz, 413.34 W, 55, 100 %, 2570 MiB
2026/10/06 14:22:13.556, 2962 MHz, 325.12 W, 51, 0 %, 2570 MiB
2026/10/06 14:22:18.557, 2827 MHz, 314.71 W, 58, 100 %, 2570 MiB
2026/10/06 14:22:23.557, 2857 MHz, 481.29 W, 59, 100 %, 2570 MiB
2026/10/06 14:22:28.557, 2827 MHz, 491.82 W, 59, 100 %, 2570 MiB
2026/10/06 14:22:33.558, 2880 MHz, 243.91 W, 59, 100 %, 2570 MiB
2026/10/06 14:22:38.558, 2932 MHz, 487.31 W, 60, 100 %, 2570 MiB
2026/10/06 14:22:43.558, 2902 MHz, 479.40 W, 61, 100 %, 2570 MiB
2026/10/06 14:22:48.559, 2925 MHz, 419.67 W, 55, 0 %, 2570 MiB
2026/10/06 14:22:53.559, 1080 MHz, 356.43 W, 58, 100 %, 3594 MiB
2026/10/06 14:22:58.560, 3000 MHz, 132.68 W, 54, 0 %, 16 MiB
2026/10/06 14:23:03.560, 3000 MHz, 128.93 W, 53, 0 %, 16 MiB
2026/10/06 14:23:08.560, 3000 MHz, 129.01 W, 52, 19 %, 16 MiB
2026/10/06 14:23:13.561, 2760 MHz, 92.62 W, 53, 35 %, 16 MiB
2026/10/06 14:23:18.561, 3015 MHz, 134.98 W, 50, 0 %, 523 MiB
2026/10/06 14:23:23.561, 3015 MHz, 151.21 W, 49, 0 %, 526 MiB
2026/10/06 14:23:28.562, 3015 MHz, 153.22 W, 49, 0 %, 16 MiB
2026/10/06 14:23:33.562, 3007 MHz, 168.02 W, 49, 0 %, 16 MiB
2026/10/06 14:23:38.563, 3000 MHz, 159.07 W, 49, 22 %, 16 MiB
2026/10/06 14:23:43.563, 2685 MHz, 90.40 W, 52, 37 %, 16 MiB
2026/10/06 14:23:48.563, 2647 MHz, 86.45 W, 46, 0 %, 526 MiB
2026/10/06 14:23:53.564, 3015 MHz, 130.93 W, 47, 0 %, 526 MiB
2026/10/06 14:23:58.564, 3015 MHz, 121.13 W, 46, 0 %, 16 MiB
2026/10/06 14:24:03.564, 3007 MHz, 115.38 W, 46, 0 %, 16 MiB
2026/10/06 14:24:08.565, 3007 MHz, 103.59 W, 48, 36 %, 16 MiB
2026/10/06 14:24:13.565, 3015 MHz, 103.65 W, 47, 4 %, 16 MiB
2026/10/06 14:24:18.565, 3015 MHz, 167.96 W, 45, 0 %, 526 MiB
2026/10/06 14:24:23.566, 2640 MHz, 147.98 W, 45, 0 %, 526 MiB
2026/10/06 14:24:28.566, 2775 MHz, 148.80 W, 44, 0 %, 16 MiB
2026/10/06 14:24:33.566, 3000 MHz, 123.16 W, 45, 1 %, 16 MiB
2026/10/06 14:24:38.567, 3007 MHz, 129.32 W, 49, 60 %, 16 MiB
2026/10/06 14:24:43.567, 2640 MHz, 83.76 W, 44, 0 %, 16 MiB
2026/10/06 14:24:48.568, 2670 MHz, 114.29 W, 43, 0 %, 526 MiB
2026/10/06 14:24:53.568, 2970 MHz, 113.93 W, 43, 0 %, 526 MiB
2026/10/06 14:24:58.568, 3015 MHz, 114.38 W, 43, 0 %, 16 MiB
2026/10/06 14:25:03.569, 3007 MHz, 138.68 W, 44, 1 %, 16 MiB
2026/10/06 14:25:08.569, 3007 MHz, 138.64 W, 47, 32 %, 16 MiB
2026/10/06 14:25:13.570, 3015 MHz, 89.34 W, 44, 21 %, 16 MiB
2026/10/06 14:25:18.570, 2640 MHz, 128.36 W, 42, 0 %, 526 MiB
2026/10/06 14:25:23.570, 2662 MHz, 133.82 W, 42, 0 %, 52 MiB
2026/10/06 14:25:28.571, 3015 MHz, 133.75 W, 42, 0 %, 16 MiB
2026/10/06 14:25:33.571, 3007 MHz, 165.54 W, 43, 0 %, 16 MiB
2026/10/06 14:25:38.572, 2782 MHz, 133.37 W, 48, 41 %, 16 MiB
2026/10/06 14:25:43.572, 2640 MHz, 75.11 W, 42, 10 %, 16 MiB
2026/10/06 14:25:48.572, 2670 MHz, 91.97 W, 41, 0 %, 526 MiB
2026/10/06 14:25:53.573, 2977 MHz, 122.86 W, 41, 0 %, 50 MiB
2026/10/06 14:25:58.573, 3015 MHz, 134.36 W, 42, 0 %, 16 MiB
2026/10/06 14:26:03.574, 3022 MHz, 111.52 W, 42, 0 %, 16 MiB
2026/10/06 14:26:08.574, 3022 MHz, 120.55 W, 44, 47 %, 16 MiB
2026/10/06 14:26:13.575, 3022 MHz, 99.56 W, 43, 32 %, 16 MiB
2026/10/06 14:26:18.575, 2640 MHz, 102.90 W, 41, 0 %, 526 MiB
2026/10/06 14:26:23.575, 2662 MHz, 133.38 W, 41, 0 %, 50 MiB
2026/10/06 14:26:28.576, 2977 MHz, 118.61 W, 41, 0 %, 16 MiB
2026/10/06 14:26:33.576, 3007 MHz, 162.12 W, 42, 0 %, 16 MiB
2026/10/06 14:26:38.576, 2827 MHz, 135.35 W, 46, 42 %, 16 MiB
2026/10/06 14:26:43.577, 2640 MHz, 89.50 W, 42, 33 %, 16 MiB
2026/10/06 14:26:48.577, 2640 MHz, 101.34 W, 40, 0 %, 526 MiB
2026/10/06 14:26:53.578, 2647 MHz, 115.64 W, 40, 0 %, 526 MiB
2026/10/06 14:26:58.578, 3022 MHz, 131.74 W, 41, 0 %, 16 MiB
2026/10/06 14:27:03.578, 2947 MHz, 110.55 W, 40, 0 %, 16 MiB
2026/10/06 14:27:08.579, 2827 MHz, 109.31 W, 44, 45 %, 16 MiB
2026/10/06 14:27:13.579, 2640 MHz, 79.70 W, 42, 24 %, 16 MiB
2026/10/06 14:27:18.580, 2640 MHz, 116.84 W, 40, 0 %, 526 MiB
2026/10/06 14:27:23.580, 3022 MHz, 157.21 W, 40, 0 %, 36 MiB
2026/10/06 14:27:28.581, 3015 MHz, 152.47 W, 40, 0 %, 16 MiB
2026/10/06 14:27:33.581, 3007 MHz, 138.79 W, 41, 1 %, 16 MiB
2026/10/06 14:27:38.581, 2745 MHz, 110.94 W, 45, 40 %, 16 MiB
2026/10/06 14:27:43.582, 3022 MHz, 99.50 W, 44, 11 %, 16 MiB
2026/10/06 14:27:48.582, 2670 MHz, 106.70 W, 39, 0 %, 526 MiB
2026/10/06 14:27:53.583, 2977 MHz, 108.90 W, 39, 0 %, 526 MiB
2026/10/06 14:27:58.583, 3022 MHz, 125.84 W, 40, 0 %, 16 MiB
2026/10/06 14:28:03.584, 3022 MHz, 128.93 W, 40, 0 %, 16 MiB
2026/10/06 14:28:08.584, 3022 MHz, 118.32 W, 41, 45 %, 16 MiB
2026/10/06 14:28:13.584, 2640 MHz, 67.36 W, 41, 15 %, 16 MiB
2026/10/06 14:28:18.585, 3022 MHz, 161.41 W, 41, 33 %, 524 MiB
2026/10/06 14:28:23.585, 3015 MHz, 145.12 W, 41, 68 %, 524 MiB
2026/10/06 14:28:28.585, 3022 MHz, 170.92 W, 40, 0 %, 546 MiB
2026/10/06 14:28:33.586, 3000 MHz, 193.27 W, 40, 0 %, 16 MiB
2026/10/06 14:28:38.586, 3015 MHz, 176.47 W, 51, 79 %, 16 MiB
2026/10/06 14:28:43.587, 3022 MHz, 141.45 W, 40, 0 %, 546 MiB
2026/10/06 14:28:48.587, 3022 MHz, 251.54 W, 41, 0 %, 16 MiB
2026/10/06 14:28:53.588, 3000 MHz, 160.74 W, 41, 1 %, 16 MiB
2026/10/06 14:28:58.588, 3022 MHz, 100.15 W, 46, 49 %, 16 MiB
2026/10/06 14:29:03.589, 3022 MHz, 219.68 W, 41, 0 %, 546 MiB
2026/10/06 14:29:08.589, 3022 MHz, 257.46 W, 41, 0 %, 16 MiB
2026/10/06 14:29:13.590, 2992 MHz, 251.54 W, 44, 52 %, 16 MiB
2026/10/06 14:29:18.590, 3007 MHz, 92.78 W, 49, 18 %, 16 MiB
2026/10/06 14:29:23.590, 3022 MHz, 167.63 W, 41, 0 %, 546 MiB
2026/10/06 14:29:28.591, 3022 MHz, 183.55 W, 42, 0 %, 16 MiB
2026/10/06 14:29:33.591, 3007 MHz, 212.84 W, 43, 11 %, 16 MiB
2026/10/06 14:29:38.592, 3000 MHz, 120.34 W, 51, 40 %, 16 MiB
2026/10/06 14:29:43.592, 3022 MHz, 172.66 W, 42, 0 %, 546 MiB
2026/10/06 14:29:48.592, 3022 MHz, 225.95 W, 42, 0 %, 16 MiB
2026/10/06 14:29:53.593, 2962 MHz, 257.28 W, 45, 55 %, 16 MiB
2026/10/06 14:29:58.593, 3015 MHz, 122.66 W, 49, 0 %, 16 MiB
2026/10/06 14:30:03.608, 3022 MHz, 178.95 W, 42, 0 %, 546 MiB
2026/10/06 14:30:08.608, 3022 MHz, 153.46 W, 42, 0 %, 16 MiB
2026/10/06 14:30:13.609, 3000 MHz, 157.90 W, 48, 76 %, 16 MiB
2026/10/06 14:30:18.609, 3022 MHz, 154.38 W, 42, 0 %, 546 MiB
2026/10/06 14:30:23.609, 3022 MHz, 256.21 W, 43, 0 %, 16 MiB
2026/10/06 14:30:28.612, 3015 MHz, 253.70 W, 43, 0 %, 16 MiB
2026/10/06 14:30:33.612, 2992 MHz, 198.10 W, 52, 67 %, 16 MiB
2026/10/06 14:30:38.613, 3022 MHz, 112.46 W, 42, 0 %, 546 MiB
2026/10/06 14:30:43.613, 3022 MHz, 184.91 W, 43, 0 %, 18 MiB
2026/10/06 14:30:48.613, 3015 MHz, 214.90 W, 43, 0 %, 16 MiB
2026/10/06 14:30:53.614, 2992 MHz, 228.24 W, 52, 57 %, 16 MiB
2026/10/06 14:30:58.614, 3022 MHz, 117.69 W, 43, 0 %, 546 MiB
2026/10/06 14:31:03.615, 3015 MHz, 237.60 W, 43, 0 %, 16 MiB
2026/10/06 14:31:08.621, 3007 MHz, 231.63 W, 44, 0 %, 16 MiB
2026/10/06 14:31:13.622, 3000 MHz, 157.11 W, 51, 71 %, 16 MiB
2026/10/06 14:31:18.622, 3015 MHz, 124.26 W, 43, 0 %, 546 MiB
2026/10/06 14:31:23.622, 3015 MHz, 198.94 W, 43, 0 %, 16 MiB
2026/10/06 14:31:28.623, 3007 MHz, 205.13 W, 44, 0 %, 16 MiB
2026/10/06 14:31:33.623, 3007 MHz, 134.36 W, 50, 72 %, 16 MiB
2026/10/06 14:31:38.624, 3015 MHz, 196.48 W, 43, 0 %, 546 MiB
2026/10/06 14:31:43.624, 3015 MHz, 219.49 W, 43, 0 %, 16 MiB
2026/10/06 14:31:48.624, 2992 MHz, 246.57 W, 44, 0 %, 16 MiB
2026/10/06 14:31:53.625, 3007 MHz, 189.46 W, 54, 72 %, 16 MiB
2026/10/06 14:31:58.625, 3015 MHz, 129.62 W, 43, 0 %, 546 MiB
2026/10/06 14:32:03.626, 3015 MHz, 211.66 W, 43, 0 %, 16 MiB
2026/10/06 14:32:08.626, 3007 MHz, 173.88 W, 44, 0 %, 16 MiB
2026/10/06 14:32:13.627, 3007 MHz, 144.77 W, 49, 74 %, 16 MiB
2026/10/06 14:32:18.627, 3015 MHz, 154.12 W, 43, 0 %, 546 MiB
2026/10/06 14:32:23.627, 3015 MHz, 174.22 W, 43, 0 %, 16 MiB
2026/10/06 14:32:28.628, 3007 MHz, 208.43 W, 44, 0 %, 16 MiB
2026/10/06 14:32:33.628, 3007 MHz, 191.23 W, 52, 67 %, 16 MiB
2026/10/06 14:32:38.629, 3022 MHz, 122.18 W, 43, 0 %, 546 MiB
2026/10/06 14:32:43.629, 3015 MHz, 184.39 W, 43, 0 %, 16 MiB
2026/10/06 14:32:48.629, 3007 MHz, 183.98 W, 44, 0 %, 16 MiB
2026/10/06 14:32:53.630, 3022 MHz, 124.73 W, 49, 80 %, 543 MiB
2026/10/06 14:32:58.630, 3022 MHz, 175.69 W, 43, 0 %, 35 MiB
2026/10/06 14:33:03.631, 3015 MHz, 228.24 W, 44, 0 %, 16 MiB
2026/10/06 14:33:08.631, 2977 MHz, 233.08 W, 45, 0 %, 16 MiB
2026/10/06 14:33:13.632, 3022 MHz, 145.26 W, 52, 72 %, 546 MiB
2026/10/06 14:33:18.632, 3015 MHz, 141.74 W, 43, 0 %, 18 MiB
2026/10/06 14:33:23.632, 3015 MHz, 190.52 W, 43, 0 %, 16 MiB
2026/10/06 14:33:28.633, 2992 MHz, 224.52 W, 45, 0 %, 16 MiB
2026/10/06 14:33:33.633, 3022 MHz, 119.49 W, 48, 79 %, 546 MiB
2026/10/06 14:33:38.634, 3015 MHz, 141.37 W, 43, 0 %, 18 MiB
2026/10/06 14:33:43.634, 3015 MHz, 180.51 W, 43, 0 %, 16 MiB
2026/10/06 14:33:48.634, 2992 MHz, 245.76 W, 45, 0 %, 16 MiB
2026/10/06 14:33:53.635, 2992 MHz, 451.03 W, 53, 59 %, 538 MiB
2026/10/06 14:33:58.635, 3000 MHz, 444.42 W, 51, 73 %, 538 MiB
2026/10/06 14:34:03.636, 3000 MHz, 234.65 W, 45, 0 %, 16 MiB
2026/10/06 14:34:08.636, 3000 MHz, 211.64 W, 54, 99 %, 714 MiB
2026/10/06 14:34:13.636, 3015 MHz, 86.03 W, 45, 8 %, 714 MiB
2026/10/06 14:34:18.637, 3015 MHz, 84.91 W, 45, 0 %, 714 MiB
2026/10/06 14:34:23.637, 3015 MHz, 86.17 W, 45, 7 %, 714 MiB
2026/10/06 14:34:28.638, 3015 MHz, 144.80 W, 53, 95 %, 714 MiB
2026/10/06 14:34:33.638, 2985 MHz, 196.76 W, 52, 94 %, 16 MiB
2026/10/06 14:34:38.657, 2992 MHz, 292.23 W, 56, 100 %, 16 MiB
2026/10/06 14:34:43.660, 3015 MHz, 179.55 W, 52, 96 %, 714 MiB
2026/10/06 14:34:48.660, 3000 MHz, 230.88 W, 54, 98 %, 713 MiB
2026/10/06 14:34:53.660, 2872 MHz, 223.49 W, 51, 97 %, 16 MiB
2026/10/06 14:34:58.661, 2752 MHz, 273.46 W, 47, 1 %, 16 MiB
2026/10/06 14:35:03.661, 2917 MHz, 244.38 W, 46, 0 %, 16 MiB
2026/10/06 14:35:08.662, 3015 MHz, 268.11 W, 45, 0 %, 16 MiB
2026/10/06 14:35:13.662, 3015 MHz, 249.76 W, 45, 0 %, 16 MiB
2026/10/06 14:35:18.662, 2910 MHz, 271.73 W, 45, 0 %, 16 MiB
2026/10/06 14:35:23.663, 3015 MHz, 228.45 W, 45, 0 %, 16 MiB
2026/10/06 14:35:28.663, 3015 MHz, 158.07 W, 45, 0 %, 18 MiB
2026/10/06 14:35:33.664, 3015 MHz, 127.14 W, 45, 0 %, 35 MiB
2026/10/06 14:35:38.664, 3015 MHz, 86.86 W, 45, 0 %, 714 MiB
2026/10/06 14:35:43.665, 3007 MHz, 86.89 W, 52, 7 %, 714 MiB
2026/10/06 14:35:48.665, 2805 MHz, 134.87 W, 52, 95 %, 714 MiB
2026/10/06 14:35:53.666, 2632 MHz, 152.57 W, 54, 95 %, 714 MiB
2026/10/06 14:35:58.666, 2572 MHz, 201.30 W, 48, 95 %, 16 MiB
2026/10/06 14:36:03.666, 3000 MHz, 231.65 W, 46, 12 %, 16 MiB
2026/10/06 14:36:08.667, 3007 MHz, 234.62 W, 46, 1 %, 16 MiB
2026/10/06 14:36:13.667, 2985 MHz, 318.42 W, 48, 75 %, 16 MiB
2026/10/06 14:36:18.668, 2947 MHz, 251.34 W, 46, 0 %, 16 MiB
2026/10/06 14:36:23.668, 3015 MHz, 275.34 W, 46, 0 %, 16 MiB
2026/10/06 14:36:28.669, 3015 MHz, 247.28 W, 45, 0 %, 16 MiB
2026/10/06 14:36:33.669, 2857 MHz, 264.52 W, 45, 0 %, 16 MiB
2026/10/06 14:36:38.669, 3015 MHz, 178.84 W, 45, 0 %, 16 MiB
2026/10/06 14:36:43.670, 3015 MHz, 145.83 W, 46, 0 %, 18 MiB
2026/10/06 14:36:48.670, 2647 MHz, 66.51 W, 45, 0 %, 18 MiB
2026/10/06 14:36:53.671, 3015 MHz, 86.21 W, 45, 0 %, 48 MiB
2026/10/06 14:36:58.671, 2662 MHz, 82.12 W, 45, 38 %, 714 MiB
2026/10/06 14:37:03.671, 2925 MHz, 170.22 W, 52, 94 %, 714 MiB
2026/10/06 14:37:08.672, 2992 MHz, 236.46 W, 53, 100 %, 16 MiB
2026/10/06 14:37:13.688, 2692 MHz, 263.11 W, 47, 1 %, 16 MiB
2026/10/06 14:37:18.688, 2880 MHz, 300.12 W, 46, 0 %, 16 MiB
2026/10/06 14:37:23.689, 2587 MHz, 196.94 W, 45, 0 %, 16 MiB
2026/10/06 14:37:28.689, 3015 MHz, 278.71 W, 46, 0 %, 16 MiB
2026/10/06 14:37:33.690, 3015 MHz, 232.84 W, 45, 0 %, 16 MiB
2026/10/06 14:37:38.690, 3015 MHz, 250.42 W, 45, 0 %, 16 MiB
2026/10/06 14:37:43.690, 3015 MHz, 169.10 W, 45, 0 %, 16 MiB
2026/10/06 14:37:48.691, 3015 MHz, 194.17 W, 45, 0 %, 18 MiB
2026/10/06 14:37:53.691, 3015 MHz, 101.93 W, 45, 0 %, 18 MiB
2026/10/06 14:37:58.692, 3015 MHz, 84.96 W, 45, 0 %, 714 MiB
2026/10/06 14:38:03.692, 3015 MHz, 84.63 W, 45, 0 %, 714 MiB
2026/10/06 14:38:08.693, 3015 MHz, 86.55 W, 45, 1 %, 714 MiB
2026/10/06 14:38:13.693, 3007 MHz, 131.12 W, 53, 84 %, 714 MiB
2026/10/06 14:38:18.693, 2925 MHz, 186.50 W, 52, 94 %, 714 MiB
2026/10/06 14:38:23.694, 2827 MHz, 262.23 W, 48, 80 %, 16 MiB
2026/10/06 14:38:28.694, 2872 MHz, 233.52 W, 46, 1 %, 16 MiB
2026/10/06 14:38:33.695, 2932 MHz, 280.30 W, 46, 0 %, 16 MiB
2026/10/06 14:38:38.695, 2970 MHz, 227.48 W, 45, 0 %, 16 MiB
2026/10/06 14:38:43.695, 3015 MHz, 249.58 W, 45, 0 %, 16 MiB
2026/10/06 14:38:48.696, 3015 MHz, 208.49 W, 45, 0 %, 16 MiB
2026/10/06 14:38:53.696, 3015 MHz, 194.27 W, 45, 0 %, 16 MiB
2026/10/06 14:38:58.697, 3015 MHz, 129.30 W, 45, 0 %, 18 MiB
2026/10/06 14:39:03.697, 3015 MHz, 139.70 W, 45, 0 %, 18 MiB
2026/10/06 14:39:08.698, 2647 MHz, 65.46 W, 44, 0 %, 35 MiB
2026/10/06 14:39:13.698, 3015 MHz, 85.77 W, 50, 8 %, 714 MiB
2026/10/06 14:39:18.699, 2977 MHz, 156.46 W, 54, 96 %, 714 MiB
2026/10/06 14:39:23.699, 2902 MHz, 197.11 W, 53, 96 %, 714 MiB
2026/10/06 14:39:28.700, 2812 MHz, 243.01 W, 48, 98 %, 16 MiB
2026/10/06 14:39:33.705, 2782 MHz, 254.90 W, 48, 98 %, 16 MiB
2026/10/06 14:39:38.705, 2850 MHz, 279.27 W, 47, 28 %, 16 MiB
2026/10/06 14:39:43.705, 2775 MHz, 241.93 W, 46, 0 %, 16 MiB
2026/10/06 14:39:48.706, 2970 MHz, 249.23 W, 45, 0 %, 16 MiB
2026/10/06 14:39:53.706, 3015 MHz, 247.83 W, 45, 0 %, 16 MiB
2026/10/06 14:39:58.706, 2932 MHz, 276.47 W, 45, 0 %, 16 MiB
2026/10/06 14:40:03.707, 3015 MHz, 193.43 W, 45, 0 %, 16 MiB
2026/10/06 14:40:08.707, 3015 MHz, 208.97 W, 45, 0 %, 16 MiB
2026/10/06 14:40:13.707, 2640 MHz, 110.35 W, 45, 0 %, 18 MiB
2026/10/06 14:40:18.708, 3015 MHz, 86.15 W, 45, 0 %, 18 MiB
2026/10/06 14:40:23.708, 3015 MHz, 85.68 W, 45, 0 %, 714 MiB
2026/10/06 14:40:28.709, 3015 MHz, 93.29 W, 45, 0 %, 714 MiB
2026/10/06 14:40:33.709, 3015 MHz, 130.77 W, 52, 7 %, 714 MiB
2026/10/06 14:40:38.709, 3015 MHz, 92.06 W, 45, 26 %, 714 MiB
2026/10/06 14:40:43.710, 1950 MHz, 341.55 W, 50, 96 %, 650 MiB
2026/10/06 14:40:48.710, 2820 MHz, 434.81 W, 50, 95 %, 650 MiB
2026/10/06 14:40:53.710, 2827 MHz, 482.35 W, 53, 59 %, 650 MiB
2026/10/06 14:40:58.711, 3015 MHz, 82.58 W, 47, 0 %, 18 MiB
2026/10/06 14:41:03.711, 3015 MHz, 86.87 W, 48, 0 %, 18 MiB
2026/10/06 14:41:08.712, 3015 MHz, 272.30 W, 49, 0 %, 16 MiB
2026/10/06 14:41:13.712, 2992 MHz, 358.79 W, 54, 100 %, 2058 MiB
2026/10/06 14:41:18.713, 2977 MHz, 491.47 W, 58, 100 %, 2058 MiB
2026/10/06 14:41:23.713, 3000 MHz, 156.63 W, 54, 100 %, 2058 MiB
2026/10/06 14:41:28.714, 2977 MHz, 308.49 W, 58, 100 %, 2058 MiB
2026/10/06 14:41:33.714, 2985 MHz, 416.01 W, 55, 100 %, 16 MiB
2026/10/06 14:41:38.731, 2977 MHz, 500.26 W, 51, 3 %, 16 MiB
2026/10/06 14:41:43.731, 3015 MHz, 86.38 W, 48, 0 %, 18 MiB
2026/10/06 14:41:48.731, 510 MHz, 54.95 W, 46, 0 %, 18 MiB
2026/10/06 14:41:53.732, 2917 MHz, 398.54 W, 58, 100 %, 2058 MiB
2026/10/06 14:41:58.732, 1267 MHz, 357.72 W, 49, 4 %, 16 MiB
2026/10/06 14:42:03.733, 3015 MHz, 85.73 W, 47, 0 %, 18 MiB
2026/10/06 14:42:08.733, 2550 MHz, 61.50 W, 46, 0 %, 2058 MiB
2026/10/06 14:42:13.734, 2565 MHz, 192.55 W, 54, 100 %, 16 MiB
2026/10/06 14:42:18.735, 3015 MHz, 227.94 W, 47, 0 %, 18 MiB
2026/10/06 14:42:23.735, 3015 MHz, 78.71 W, 46, 0 %, 2058 MiB
2026/10/06 14:42:28.736, 2992 MHz, 169.97 W, 53, 100 %, 2058 MiB
2026/10/06 14:42:33.737, 2925 MHz, 570.70 W, 58, 100 %, 2057 MiB
2026/10/06 14:42:38.737, 2985 MHz, 441.20 W, 50, 13 %, 16 MiB
2026/10/06 14:42:43.738, 2970 MHz, 510.50 W, 50, 4 %, 16 MiB
2026/10/06 14:42:48.738, 3015 MHz, 85.71 W, 47, 0 %, 18 MiB
2026/10/06 14:42:53.738, 697 MHz, 59.10 W, 46, 0 %, 2058 MiB
2026/10/06 14:42:58.739, 2910 MHz, 247.91 W, 57, 100 %, 2058 MiB
2026/10/06 14:43:03.739, 2752 MHz, 223.85 W, 47, 0 %, 18 MiB
2026/10/06 14:43:08.740, 3015 MHz, 84.12 W, 47, 0 %, 18 MiB
2026/10/06 14:43:13.740, 1635 MHz, 50.19 W, 45, 0 %, 2058 MiB
2026/10/06 14:43:18.741, 2482 MHz, 373.65 W, 48, 4 %, 16 MiB
2026/10/06 14:43:23.741, 3015 MHz, 84.06 W, 46, 0 %, 18 MiB
2026/10/06 14:43:28.741, 510 MHz, 56.78 W, 45, 50 %, 2058 MiB
2026/10/06 14:43:33.742, 2677 MHz, 380.62 W, 54, 87 %, 16 MiB
2026/10/06 14:43:38.742, 3015 MHz, 85.52 W, 46, 0 %, 18 MiB
2026/10/06 14:43:43.743, 697 MHz, 52.65 W, 44, 0 %, 2058 MiB
2026/10/06 14:43:48.743, 2527 MHz, 449.34 W, 53, 100 %, 16 MiB
2026/10/06 14:43:53.744, 3015 MHz, 222.15 W, 46, 0 %, 18 MiB
2026/10/06 14:43:58.744, 3015 MHz, 85.11 W, 45, 0 %, 18 MiB
2026/10/06 14:44:03.744, 510 MHz, 52.68 W, 45, 51 %, 2058 MiB
2026/10/06 14:44:08.745, 1477 MHz, 376.59 W, 51, 100 %, 16 MiB
2026/10/06 14:44:13.745, 2647 MHz, 173.26 W, 45, 0 %, 18 MiB
2026/10/06 14:44:18.745, 3015 MHz, 84.42 W, 45, 0 %, 18 MiB
2026/10/06 14:44:23.746, 465 MHz, 52.08 W, 45, 50 %, 2058 MiB
2026/10/06 14:44:28.746, 1050 MHz, 316.17 W, 47, 37 %, 16 MiB
2026/10/06 14:44:33.747, 2887 MHz, 92.93 W, 45, 0 %, 18 MiB
2026/10/06 14:44:38.747, 3015 MHz, 80.68 W, 44, 0 %, 2058 MiB
2026/10/06 14:44:43.747, 2527 MHz, 332.38 W, 51, 100 %, 16 MiB
2026/10/06 14:44:48.748, 3015 MHz, 96.33 W, 45, 0 %, 18 MiB
2026/10/06 14:44:53.749, 3015 MHz, 84.91 W, 44, 0 %, 2058 MiB
2026/10/06 14:44:58.749, 2707 MHz, 137.43 W, 50, 99 %, 16 MiB
2026/10/06 14:45:03.766, 3015 MHz, 84.95 W, 45, 0 %, 18 MiB
2026/10/06 14:45:08.766, 592 MHz, 61.74 W, 43, 0 %, 18 MiB
2026/10/06 14:45:13.767, 2557 MHz, 187.52 W, 51, 100 %, 2058 MiB
2026/10/06 14:45:18.768, 3007 MHz, 401.33 W, 46, 0 %, 16 MiB
2026/10/06 14:45:23.768, 3015 MHz, 84.35 W, 45, 0 %, 18 MiB
2026/10/06 14:45:28.769, 577 MHz, 52.42 W, 44, 50 %, 2058 MiB
2026/10/06 14:45:33.769, 1335 MHz, 322.73 W, 52, 100 %, 2058 MiB
2026/10/06 14:45:38.770, 3015 MHz, 144.43 W, 44, 0 %, 16 MiB
2026/10/06 14:45:43.772, 1837 MHz, 75.58 W, 44, 0 %, 18 MiB
2026/10/06 14:45:48.772, 2602 MHz, 166.90 W, 51, 100 %, 2058 MiB
2026/10/06 14:45:53.772, 3015 MHz, 327.41 W, 45, 0 %, 16 MiB
2026/10/06 14:45:58.773, 3015 MHz, 121.63 W, 45, 0 %, 18 MiB
2026/10/06 14:46:03.773, 3015 MHz, 79.45 W, 43, 0 %, 2058 MiB
2026/10/06 14:46:08.774, 2992 MHz, 204.55 W, 51, 100 %, 2058 MiB
2026/10/06 14:46:13.774, 2977 MHz, 592.64 W, 55, 100 %, 16 MiB
2026/10/06 14:46:18.775, 2992 MHz, 428.69 W, 46, 3 %, 16 MiB
2026/10/06 14:46:23.775, 2977 MHz, 462.11 W, 47, 3 %, 16 MiB
2026/10/06 14:46:28.775, 3015 MHz, 85.31 W, 45, 0 %, 18 MiB
2026/10/06 14:46:33.776, 1327 MHz, 75.36 W, 44, 0 %, 2058 MiB
2026/10/06 14:46:38.776, 2977 MHz, 245.13 W, 56, 100 %, 2058 MiB
2026/10/06 14:46:43.777, 2647 MHz, 227.59 W, 45, 0 %, 18 MiB
2026/10/06 14:46:48.777, 3015 MHz, 83.61 W, 45, 0 %, 18 MiB
2026/10/06 14:46:53.778, 1770 MHz, 48.31 W, 44, 0 %, 2058 MiB
2026/10/06 14:46:58.778, 2482 MHz, 359.89 W, 46, 0 %, 16 MiB
2026/10/06 14:47:03.778, 3015 MHz, 83.91 W, 45, 0 %, 18 MiB
2026/10/06 14:47:08.779, 502 MHz, 49.77 W, 44, 29 %, 2058 MiB
2026/10/06 14:47:13.779, 2670 MHz, 369.99 W, 45, 3 %, 16 MiB
2026/10/06 14:47:18.780, 3015 MHz, 83.96 W, 45, 0 %, 18 MiB
2026/10/06 14:47:23.780, 2662 MHz, 54.52 W, 44, 21 %, 2058 MiB
2026/10/06 14:47:28.780, 2632 MHz, 466.82 W, 47, 93 %, 16 MiB
2026/10/06 14:47:33.781, 3015 MHz, 84.88 W, 45, 0 %, 18 MiB
2026/10/06 14:47:38.781, 2970 MHz, 79.84 W, 44, 0 %, 35 MiB
2026/10/06 14:47:43.782, 2647 MHz, 50.59 W, 44, 0 %, 2058 MiB
2026/10/06 14:47:48.782, 2580 MHz, 550.50 W, 48, 100 %, 16 MiB
2026/10/06 14:47:53.783, 2647 MHz, 64.68 W, 44, 0 %, 18 MiB
2026/10/06 14:47:58.783, 2970 MHz, 80.89 W, 44, 0 %, 35 MiB
2026/10/06 14:48:03.784, 2782 MHz, 157.46 W, 53, 99 %, 2058 MiB
2026/10/06 14:48:08.784, 2640 MHz, 191.33 W, 44, 0 %, 18 MiB
2026/10/06 14:48:13.785, 2730 MHz, 69.35 W, 44, 0 %, 18 MiB
2026/10/06 14:48:18.785, 2640 MHz, 50.24 W, 43, 0 %, 2058 MiB
2026/10/06 14:48:23.786, 3015 MHz, 298.70 W, 44, 0 %, 16 MiB
2026/10/06 14:48:28.803, 3015 MHz, 82.98 W, 44, 0 %, 18 MiB
2026/10/06 14:48:33.803, 2655 MHz, 60.30 W, 43, 28 %, 2058 MiB
2026/10/06 14:48:38.804, 2992 MHz, 393.08 W, 45, 0 %, 16 MiB
2026/10/06 14:48:43.804, 3015 MHz, 82.82 W, 44, 0 %, 18 MiB
2026/10/06 14:48:48.804, 1725 MHz, 50.49 W, 43, 50 %, 2058 MiB
2026/10/06 14:48:53.805, 2602 MHz, 410.05 W, 51, 100 %, 16 MiB
2026/10/06 14:48:58.805, 3015 MHz, 244.70 W, 45, 0 %, 18 MiB
2026/10/06 14:49:03.806, 2550 MHz, 79.75 W, 43, 0 %, 18 MiB
2026/10/06 14:49:08.806, 2482 MHz, 81.76 W, 49, 85 %, 2058 MiB
2026/10/06 14:49:13.806, 1867 MHz, 359.92 W, 46, 4 %, 16 MiB
2026/10/06 14:49:18.807, 3015 MHz, 82.91 W, 44, 0 %, 18 MiB
2026/10/06 14:49:23.807, 3015 MHz, 79.65 W, 43, 0 %, 2058 MiB
2026/10/06 14:49:28.808, 2437 MHz, 388.19 W, 52, 100 %, 16 MiB
2026/10/06 14:49:33.808, 3015 MHz, 84.42 W, 44, 0 %, 18 MiB
2026/10/06 14:49:38.808, 2715 MHz, 82.52 W, 43, 0 %, 2058 MiB
2026/10/06 14:49:43.809, 2730 MHz, 227.43 W, 52, 100 %, 16 MiB
2026/10/06 14:49:48.809, 3015 MHz, 128.95 W, 44, 0 %, 18 MiB
2026/10/06 14:49:53.810, 3015 MHz, 82.73 W, 44, 0 %, 18 MiB
2026/10/06 14:49:58.810, 2640 MHz, 50.56 W, 43, 8 %, 2058 MiB
2026/10/06 14:50:03.811, 1815 MHz, 324.21 W, 45, 4 %, 16 MiB
2026/10/06 14:50:08.811, 3015 MHz, 83.60 W, 44, 0 %, 18 MiB
2026/10/06 14:50:13.812, 2137 MHz, 56.51 W, 42, 0 %, 2058 MiB
2026/10/06 14:50:18.812, 2895 MHz, 246.05 W, 51, 100 %, 16 MiB
2026/10/06 14:50:23.820, 3015 MHz, 266.37 W, 44, 0 %, 18 MiB
2026/10/06 14:50:28.821, 2617 MHz, 63.56 W, 43, 0 %, 18 MiB
2026/10/06 14:50:33.821, 2677 MHz, 89.62 W, 48, 92 %, 2058 MiB
2026/10/06 14:50:38.821, 2625 MHz, 588.68 W, 54, 100 %, 16 MiB
2026/10/06 14:50:43.822, 3015 MHz, 163.74 W, 44, 0 %, 18 MiB
2026/10/06 14:50:48.822, 3015 MHz, 83.23 W, 44, 0 %, 18 MiB
2026/10/06 14:50:53.823, 1275 MHz, 47.38 W, 43, 43 %, 2058 MiB
2026/10/06 14:50:58.823, 1177 MHz, 294.60 W, 47, 100 %, 16 MiB
2026/10/06 14:51:03.824, 3015 MHz, 171.47 W, 44, 0 %, 18 MiB
2026/10/06 14:51:08.824, 2970 MHz, 80.26 W, 43, 0 %, 1546 MiB
2026/10/06 14:51:13.825, 1192 MHz, 127.60 W, 47, 99 %, 2058 MiB
2026/10/06 14:51:18.825, 3015 MHz, 294.10 W, 44, 0 %, 18 MiB
2026/10/06 14:51:23.826, 2692 MHz, 80.92 W, 43, 0 %, 18 MiB
2026/10/06 14:51:28.826, 2685 MHz, 114.04 W, 49, 99 %, 2058 MiB
2026/10/06 14:51:33.826, 3015 MHz, 270.38 W, 44, 0 %, 18 MiB
2026/10/06 14:51:38.827, 2692 MHz, 80.34 W, 43, 0 %, 18 MiB
2026/10/06 14:51:43.827, 2647 MHz, 50.74 W, 43, 0 %, 2058 MiB
2026/10/06 14:51:48.828, 3015 MHz, 380.94 W, 44, 0 %, 16 MiB
2026/10/06 14:51:53.828, 3022 MHz, 83.39 W, 43, 0 %, 18 MiB
2026/10/06 14:51:58.829, 885 MHz, 53.66 W, 42, 10 %, 2058 MiB
2026/10/06 14:52:03.829, 2722 MHz, 393.84 W, 54, 100 %, 16 MiB
2026/10/06 14:52:08.835, 3015 MHz, 178.31 W, 44, 0 %, 18 MiB
2026/10/06 14:52:13.835, 3015 MHz, 84.27 W, 44, 0 %, 18 MiB
2026/10/06 14:52:18.835, 2647 MHz, 49.10 W, 43, 0 %, 2058 MiB
2026/10/06 14:52:23.836, 1950 MHz, 336.02 W, 45, 4 %, 16 MiB
2026/10/06 14:52:28.836, 3015 MHz, 83.97 W, 44, 0 %, 18 MiB
2026/10/06 14:52:33.837, 442 MHz, 45.67 W, 42, 0 %, 2058 MiB
2026/10/06 14:52:38.837, 2985 MHz, 419.62 W, 53, 74 %, 16 MiB
2026/10/06 14:52:43.838, 3015 MHz, 85.37 W, 44, 0 %, 18 MiB
2026/10/06 14:52:48.838, 787 MHz, 70.15 W, 42, 0 %, 2058 MiB
2026/10/06 14:52:53.838, 2437 MHz, 374.81 W, 51, 100 %, 16 MiB
2026/10/06 14:52:58.839, 3015 MHz, 138.24 W, 44, 0 %, 18 MiB
2026/10/06 14:53:03.839, 2715 MHz, 81.40 W, 43, 0 %, 18 MiB
2026/10/06 14:53:08.840, 2677 MHz, 86.88 W, 47, 80 %, 2058 MiB
2026/10/06 14:53:13.840, 3000 MHz, 476.04 W, 45, 0 %, 16 MiB
2026/10/06 14:53:18.841, 2662 MHz, 65.68 W, 43, 0 %, 18 MiB
2026/10/06 14:53:23.841, 765 MHz, 56.62 W, 43, 1 %, 2058 MiB
2026/10/06 14:53:28.842, 2985 MHz, 384.76 W, 52, 100 %, 16 MiB
2026/10/06 14:53:33.842, 2640 MHz, 95.89 W, 43, 0 %, 18 MiB
2026/10/06 14:53:38.842, 645 MHz, 63.96 W, 42, 0 %, 2058 MiB
2026/10/06 14:53:43.843, 2760 MHz, 218.32 W, 53, 100 %, 2055 MiB
2026/10/06 14:53:48.843, 3015 MHz, 284.00 W, 44, 0 %, 18 MiB
2026/10/06 14:53:53.844, 3015 MHz, 83.55 W, 43, 0 %, 18 MiB
2026/10/06 14:53:58.844, 2640 MHz, 50.10 W, 43, 0 %, 2058 MiB
2026/10/06 14:54:03.844, 1245 MHz, 305.14 W, 46, 100 %, 16 MiB
2026/10/06 14:54:08.845, 3015 MHz, 84.65 W, 43, 0 %, 18 MiB
2026/10/06 14:54:13.845, 592 MHz, 71.13 W, 42, 0 %, 2058 MiB
2026/10/06 14:54:18.846, 2685 MHz, 123.63 W, 49, 100 %, 2058 MiB
2026/10/06 14:54:23.846, 2722 MHz, 605.55 W, 49, 100 %, 16 MiB
2026/10/06 14:54:28.847, 2640 MHz, 69.96 W, 43, 0 %, 18 MiB
2026/10/06 14:54:33.847, 2970 MHz, 81.25 W, 43, 0 %, 2058 MiB
2026/10/06 14:54:38.848, 2670 MHz, 126.39 W, 52, 99 %, 2058 MiB
2026/10/06 14:54:43.848, 2640 MHz, 233.54 W, 43, 0 %, 16 MiB
2026/10/06 14:54:48.870, 3015 MHz, 82.40 W, 44, 0 %, 18 MiB
2026/10/06 14:54:53.870, 2340 MHz, 49.63 W, 42, 0 %, 2058 MiB
2026/10/06 14:54:58.870, 3000 MHz, 430.85 W, 44, 0 %, 16 MiB
2026/10/06 14:55:03.871, 3015 MHz, 83.51 W, 44, 0 %, 18 MiB
2026/10/06 14:55:08.871, 570 MHz, 51.24 W, 42, 0 %, 2058 MiB
2026/10/06 14:55:13.872, 2460 MHz, 371.75 W, 51, 100 %, 16 MiB
2026/10/06 14:55:18.872, 3015 MHz, 154.56 W, 44, 0 %, 18 MiB
2026/10/06 14:55:23.873, 2895 MHz, 82.17 W, 43, 0 %, 18 MiB
2026/10/06 14:55:28.873, 2640 MHz, 51.30 W, 49, 0 %, 2058 MiB
2026/10/06 14:55:33.873, 2932 MHz, 525.17 W, 45, 3 %, 16 MiB
2026/10/06 14:55:38.874, 2640 MHz, 63.48 W, 43, 0 %, 18 MiB
2026/10/06 14:55:43.874, 622 MHz, 53.04 W, 42, 0 %, 2058 MiB
2026/10/06 14:55:48.875, 2985 MHz, 340.70 W, 52, 100 %, 16 MiB
2026/10/06 14:55:53.875, 3015 MHz, 100.37 W, 43, 0 %, 18 MiB
2026/10/06 14:55:58.875, 2977 MHz, 82.37 W, 43, 0 %, 2058 MiB
2026/10/06 14:56:03.876, 2722 MHz, 180.73 W, 52, 100 %, 2058 MiB
2026/10/06 14:56:08.876, 2797 MHz, 326.89 W, 44, 0 %, 18 MiB
2026/10/06 14:56:13.877, 3022 MHz, 84.37 W, 43, 0 %, 18 MiB
2026/10/06 14:56:18.877, 2520 MHz, 53.23 W, 43, 0 %, 2058 MiB
2026/10/06 14:56:23.877, 1192 MHz, 269.23 W, 46, 100 %, 16 MiB
2026/10/06 14:56:28.878, 3015 MHz, 86.54 W, 44, 0 %, 18 MiB
2026/10/06 14:56:33.878, 2977 MHz, 82.29 W, 43, 0 %, 2058 MiB
2026/10/06 14:56:38.878, 2685 MHz, 86.88 W, 49, 80 %, 2058 MiB
2026/10/06 14:56:43.879, 2992 MHz, 428.60 W, 44, 0 %, 16 MiB
2026/10/06 14:56:48.879, 3015 MHz, 238.95 W, 44, 0 %, 18 MiB
2026/10/06 14:56:53.880, 3015 MHz, 88.99 W, 44, 0 %, 18 MiB
2026/10/06 14:56:58.880, 3015 MHz, 82.86 W, 44, 0 %, 16 MiB
2026/10/06 14:57:03.880, 1207 MHz, 283.42 W, 45, 52 %, 1546 MiB
2026/10/06 14:57:08.881, 1057 MHz, 336.06 W, 48, 100 %, 1546 MiB
2026/10/06 14:57:13.881, 2805 MHz, 367.12 W, 52, 100 %, 1546 MiB
2026/10/06 14:57:18.881, 2647 MHz, 436.76 W, 52, 100 %, 1546 MiB
2026/10/06 14:57:23.882, 2902 MHz, 383.68 W, 48, 0 %, 1546 MiB
2026/10/06 14:57:28.882, 2835 MHz, 387.77 W, 54, 100 %, 1546 MiB
2026/10/06 14:57:33.882, 1185 MHz, 320.91 W, 51, 100 %, 1546 MiB
2026/10/06 14:57:38.883, 2737 MHz, 454.06 W, 55, 100 %, 1546 MiB
2026/10/06 14:57:43.883, 2737 MHz, 391.99 W, 57, 100 %, 1546 MiB
2026/10/06 14:57:48.884, 2722 MHz, 513.54 W, 58, 100 %, 1546 MiB
2026/10/06 14:57:53.884, 2835 MHz, 388.54 W, 58, 100 %, 1546 MiB
2026/10/06 14:57:58.885, 1522 MHz, 328.55 W, 56, 100 %, 1546 MiB
2026/10/06 14:58:03.885, 1260 MHz, 350.27 W, 56, 100 %, 2058 MiB
